-BEGIN HEADER-,,,,,,,,
NASA/POWER SRB/FLASHFlux/MERRA2/GEOS 5.12.4 (FP-IT) 0.5 x 0.5 Degree Daily Averaged Data ,,,,,,,,
Dates (month/day/year): 01/01/2018 through 12/31/2019 ,,,,,,,,
Location: Latitude  22.7833   Longitude 89.5333 ,,,,,,,,
LAT,LON,YEAR,DOY,WS2M,RH2M,SRAD,air_min,air_max
22.78331,89.53331,2018,1,1.12,82.35,8.16,13.36,24.55
22.78331,89.53331,2018,2,1.53,82.72,12.97,14.29,22.48
22.78331,89.53331,2018,3,1.86,74.22,14.67,10.89,23.48
22.78331,89.53331,2018,4,1.6,72.94,14.41,8.99,20.86
22.78331,89.53331,2018,5,1.69,76.01,14.62,7.39,20.99
22.78331,89.53331,2018,6,1.65,69.32,14.97,7.48,21.95
22.78331,89.53331,2018,7,1.65,64.52,15.21,7.68,21.21
22.78331,89.53331,2018,8,1.47,64.99,14.81,7.97,20.32
22.78331,89.53331,2018,9,1.52,68.34,15.4,6.56,20.07
22.78331,89.53331,2018,10,1.47,67.59,15.48,6.07,20.61
22.78331,89.53331,2018,11,1.33,70.98,14.89,7.67,19.77
22.78331,89.53331,2018,12,1.11,72.87,14.9,8.46,21.15
22.78331,89.53331,2018,13,0.97,74.52,13.08,9.19,21
22.78331,89.53331,2018,14,1.45,82.8,14.25,9.52,21.49
22.78331,89.53331,2018,15,1.46,70.67,14.49,8.7,22.31
22.78331,89.53331,2018,16,1.54,68.81,15.36,9.44,22.84
22.78331,89.53331,2018,17,1.53,69.5,15.53,9.84,23.3
22.78331,89.53331,2018,18,1.46,68.4,15.67,9.08,24.07
22.78331,89.53331,2018,19,1.38,64.27,16,8.59,23.61
22.78331,89.53331,2018,20,1.25,60.74,15.7,9.69,23.61
22.78331,89.53331,2018,21,1.28,64.9,16.15,11.36,24
22.78331,89.53331,2018,22,1.37,62.05,16.33,9.32,23.78
22.78331,89.53331,2018,23,1.2,59.39,16.36,9.41,24.28
22.78331,89.53331,2018,24,0.76,59.9,15.95,12.8,24.95
22.78331,89.53331,2018,25,1.44,70.32,15.84,12.43,25.42
22.78331,89.53331,2018,26,1.47,64.35,16.51,10.68,24.95
22.78331,89.53331,2018,27,1.51,62.26,16.02,10.77,23.75
22.78331,89.53331,2018,28,1.42,57.44,16.98,10.36,23.38
22.78331,89.53331,2018,29,1.34,56.77,17,11.21,23.8
22.78331,89.53331,2018,30,1.23,56.15,16.9,10.94,24.6
22.78331,89.53331,2018,31,0.82,58.81,16.51,12.32,25.65
22.78331,89.53331,2018,32,1.23,66.99,16.54,12.37,25.65
22.78331,89.53331,2018,33,0.76,62.59,16.52,14.36,25.94
22.78331,89.53331,2018,34,0.76,62.82,16.77,14.58,26.8
22.78331,89.53331,2018,35,1.3,67.56,16.68,13.7,28.68
22.78331,89.53331,2018,36,0.76,70.04,15.66,16.05,28.06
22.78331,89.53331,2018,37,1.32,68.87,15.87,15.04,27.78
22.78331,89.53331,2018,38,1.12,64.07,16.87,15.14,28.9
22.78331,89.53331,2018,39,1.12,57.34,7.94,17.4,28.69
22.78331,89.53331,2018,40,1.17,59.51,15.64,15.57,29.16
22.78331,89.53331,2018,41,1.34,71.93,15.32,17,27.62
22.78331,89.53331,2018,42,1.38,52.91,15.08,15.21,26.25
22.78331,89.53331,2018,43,1.7,51.21,17.66,12.57,28.3
22.78331,89.53331,2018,44,1.68,57.36,17.05,12.76,28.7
22.78331,89.53331,2018,45,1.76,64.65,17.69,15.69,28.59
22.78331,89.53331,2018,46,1.62,57.56,18.63,14.6,28.41
22.78331,89.53331,2018,47,1.84,51.23,19.04,12.72,28.33
22.78331,89.53331,2018,48,1.26,52.56,18.69,13.17,28.85
22.78331,89.53331,2018,49,1.21,54.47,18.78,14.34,29.53
22.78331,89.53331,2018,50,0.99,53.3,18.35,16.48,29.94
22.78331,89.53331,2018,51,1.04,60.8,17.69,17.1,30.7
22.78331,89.53331,2018,52,0.67,54.91,18.12,17.79,31.18
22.78331,89.53331,2018,53,0.98,54.72,18.83,17.43,30.94
22.78331,89.53331,2018,54,1.2,52.6,18.89,17.89,32.69
22.78331,89.53331,2018,55,1.18,58.27,19.04,17.91,34.06
22.78331,89.53331,2018,56,1.48,53.75,19.09,17.72,34.56
22.78331,89.53331,2018,57,1.18,59.21,14.48,19.33,33.59
22.78331,89.53331,2018,58,1.01,59.45,19.4,19.37,32.93
22.78331,89.53331,2018,59,0.66,56.18,18.9,19.35,32.72
22.78331,89.53331,2018,60,1.11,51.63,19.06,19.95,33.3
22.78331,89.53331,2018,61,1.2,48.83,19.13,19.09,33.97
22.78331,89.53331,2018,62,1.95,53.63,19.46,19.23,35.56
22.78331,89.53331,2018,63,1.65,57.9,19.38,19.94,36.23
22.78331,89.53331,2018,64,1.02,54.28,19.43,20.54,36.65
22.78331,89.53331,2018,65,1.64,41.83,19.46,19.97,36.1
22.78331,89.53331,2018,66,1.62,37.26,20.4,20.62,35.24
22.78331,89.53331,2018,67,1.73,32.21,21.28,17.52,34.25
22.78331,89.53331,2018,68,1.57,32.74,20.33,18.6,34.76
22.78331,89.53331,2018,69,1.31,33.78,21.06,17.33,35.08
22.78331,89.53331,2018,70,1.21,38.84,21.05,18.43,35.61
22.78331,89.53331,2018,71,1.83,46.75,20.4,18.41,36.35
22.78331,89.53331,2018,72,1.46,48.69,20.19,20.88,36.45
22.78331,89.53331,2018,73,1.18,45.81,21.1,19.83,36.71
22.78331,89.53331,2018,74,1.65,46.75,20.62,19.64,37.2
22.78331,89.53331,2018,75,1.92,58.78,7.22,22.15,35.68
22.78331,89.53331,2018,76,1.92,47.88,20.53,23.6,36.66
22.78331,89.53331,2018,77,1.12,46.92,19.6,22.33,35.85
22.78331,89.53331,2018,78,1.21,41,21.83,21.12,37.26
22.78331,89.53331,2018,79,0.88,31.45,21.94,20.29,36.9
22.78331,89.53331,2018,80,1.18,40.03,21.58,20.43,36.75
22.78331,89.53331,2018,81,1.35,47.37,21.36,20.74,37.74
22.78331,89.53331,2018,82,2.11,54.24,19.22,23.4,36.73
22.78331,89.53331,2018,83,1.38,58.01,19.11,22.9,37
22.78331,89.53331,2018,84,1.13,50.95,19.48,23.71,37.33
22.78331,89.53331,2018,85,1.57,53.82,18.97,24.19,36.98
22.78331,89.53331,2018,86,1.68,52.45,18.38,23.34,37.55
22.78331,89.53331,2018,87,2.16,51.55,21.63,23.24,37.79
22.78331,89.53331,2018,88,2.6,57.2,19.46,23.26,37.05
22.78331,89.53331,2018,89,2.59,59.81,20.41,22.95,37.05
22.78331,89.53331,2018,90,1.44,72.87,19.59,22.86,31.89
22.78331,89.53331,2018,91,0.93,68.51,22.36,22.45,32.61
22.78331,89.53331,2018,92,1.54,68.32,11.18,22.24,30.32
22.78331,89.53331,2018,93,1.16,51.02,22.05,20.86,35.9
22.78331,89.53331,2018,94,1.28,49.56,22.5,22.3,36.75
22.78331,89.53331,2018,95,2.02,63.2,20.76,22.49,33.39
22.78331,89.53331,2018,96,1.15,68.45,20.12,22.51,34.01
22.78331,89.53331,2018,97,0.99,76.49,18.74,23.88,30.83
22.78331,89.53331,2018,98,1.21,76.76,22.21,23.45,30.86
22.78331,89.53331,2018,99,1.28,72.36,21.94,22.58,32.29
22.78331,89.53331,2018,100,1.51,68.93,19.14,22.87,33.46
22.78331,89.53331,2018,101,1.91,66.17,21.24,22.36,34.95
22.78331,89.53331,2018,102,1.66,65.04,22.06,22.5,35.86
22.78331,89.53331,2018,103,1.56,68.1,21.87,22.82,34.66
22.78331,89.53331,2018,104,1.71,69.74,22.54,23.25,35.36
22.78331,89.53331,2018,105,1.83,67.63,23.24,23.43,35.66
22.78331,89.53331,2018,106,1.13,65.02,23.5,22.86,36.18
22.78331,89.53331,2018,107,1.6,66.65,22.32,23.98,36.46
22.78331,89.53331,2018,108,1.89,73.86,20.78,24.12,34.37
22.78331,89.53331,2018,109,2.25,76.39,20.13,24.57,34.26
22.78331,89.53331,2018,110,2.72,74.5,21.21,24.52,35.36
22.78331,89.53331,2018,111,3.37,76.58,-99,25.53,34.91
22.78331,89.53331,2018,112,2.27,79.6,17.77,25.42,33.86
22.78331,89.53331,2018,113,1.31,74.59,21.66,24.87,34.7
22.78331,89.53331,2018,114,1.05,68.85,20.93,24.45,35.53
22.78331,89.53331,2018,115,1.97,70.88,22.2,23.61,34.9
22.78331,89.53331,2018,116,1.64,76.65,20.67,23.59,33.21
22.78331,89.53331,2018,117,0.98,75.08,23.78,23.86,32.16
22.78331,89.53331,2018,118,1.39,68.69,22.31,23.31,34.3
22.78331,89.53331,2018,119,2.56,72.45,18.83,23.76,34.12
22.78331,89.53331,2018,120,2.24,82.35,4.27,24.25,32.13
22.78331,89.53331,2018,121,0.88,79.61,18.43,24.31,31.8
22.78331,89.53331,2018,122,1.45,80.3,20.94,23.6,32.17
22.78331,89.53331,2018,123,1.22,80.31,22.32,23.85,31.6
22.78331,89.53331,2018,124,1.82,77.32,18.79,23.88,32.57
22.78331,89.53331,2018,125,2.71,80.03,21.21,24.34,33.69
22.78331,89.53331,2018,126,3.31,78.58,18.58,25.48,34.44
22.78331,89.53331,2018,127,3.42,79.17,14.57,26.06,34.56
22.78331,89.53331,2018,128,3.16,75.27,20.51,26.31,36.14
22.78331,89.53331,2018,129,2.86,78.1,18.5,26.07,35.05
22.78331,89.53331,2018,130,2.07,77.35,10.75,25.28,34.65
22.78331,89.53331,2018,131,1.63,81.36,21.6,24.84,33.15
22.78331,89.53331,2018,132,1.19,78.73,20.73,24.48,32.84
22.78331,89.53331,2018,133,1.94,83.07,8.72,24.65,32.06
22.78331,89.53331,2018,134,1.27,82.61,22.78,25.06,30.06
22.78331,89.53331,2018,135,1.91,78.86,22.33,23.82,32.3
22.78331,89.53331,2018,136,1.86,87.97,4.49,23.78,30.02
22.78331,89.53331,2018,137,1.25,81.97,23.36,23.96,31.84
22.78331,89.53331,2018,138,1.72,83.24,7.56,24.44,32.7
22.78331,89.53331,2018,139,1.79,82.85,23.23,25.01,32.88
22.78331,89.53331,2018,140,2.13,81.26,9.84,24.9,33.43
22.78331,89.53331,2018,141,2.2,82.53,12.46,24.93,33.09
22.78331,89.53331,2018,142,2.28,82.62,13.24,25.6,32.68
22.78331,89.53331,2018,143,2.14,89.88,6.4,26.03,30.32
22.78331,89.53331,2018,144,2.14,88.6,10.67,25.9,30.1
22.78331,89.53331,2018,145,2.62,87.76,18.85,25.82,31.49
22.78331,89.53331,2018,146,2.2,88.49,21.79,26.5,31.31
22.78331,89.53331,2018,147,1.91,87.35,23.44,25.95,31.5
22.78331,89.53331,2018,148,1.88,84.97,22.27,25.71,32.81
22.78331,89.53331,2018,149,1.33,79.73,21.72,25.36,33.31
22.78331,89.53331,2018,150,1.51,77.46,20.7,25.28,34.36
22.78331,89.53331,2018,151,2.44,89.45,9.51,26.5,31.33
22.78331,89.53331,2018,152,1.91,91.85,16.65,24.92,29.22
22.78331,89.53331,2018,153,1.42,88.97,17.53,24.85,30.35
22.78331,89.53331,2018,154,1.63,87.57,11.32,25.42,31.78
22.78331,89.53331,2018,155,1.48,89.88,15.76,26.29,31.32
22.78331,89.53331,2018,156,1.4,86.3,17.1,25.1,30.84
22.78331,89.53331,2018,157,1.13,83.97,17.41,26.35,32.41
22.78331,89.53331,2018,158,1.17,83.95,19.98,26.45,32.64
22.78331,89.53331,2018,159,1.15,88.21,19.67,26.89,31.04
22.78331,89.53331,2018,160,1.09,84.77,13.11,26.75,32.08
22.78331,89.53331,2018,161,3.1,94.15,10.71,26.63,28.61
22.78331,89.53331,2018,162,3.49,94.01,9.57,27.18,29.84
22.78331,89.53331,2018,163,3.23,94.42,14.4,27.38,29.67
22.78331,89.53331,2018,164,3.33,91.57,15.31,26.82,31.16
22.78331,89.53331,2018,165,2.72,91.87,22.31,27.15,31.76
22.78331,89.53331,2018,166,2.82,90.26,22.57,27.35,32.1
22.78331,89.53331,2018,167,2.42,89.2,19.82,26.96,31.89
22.78331,89.53331,2018,168,2.2,85.01,10.53,26.79,33.37
22.78331,89.53331,2018,169,2,87.31,23.44,26.08,32.89
22.78331,89.53331,2018,170,1.87,89.41,12.41,27.41,31.97
22.78331,89.53331,2018,171,1.42,90.59,14.38,27.07,30.78
22.78331,89.53331,2018,172,1.86,91.04,12.83,26.58,30.72
22.78331,89.53331,2018,173,1.97,91.24,17.26,26.41,30.24
22.78331,89.53331,2018,174,2.24,91.54,5.92,26.3,30
22.78331,89.53331,2018,175,2.35,94.66,5.01,26.41,28.51
22.78331,89.53331,2018,176,2.41,92.45,2.98,26.8,30.35
22.78331,89.53331,2018,177,1.71,90.2,16.69,25.93,29.94
22.78331,89.53331,2018,178,3.71,91.57,14.36,25.44,30.48
22.78331,89.53331,2018,179,3.12,90.97,16.42,25.75,29.91
22.78331,89.53331,2018,180,2.21,89.01,12.2,25.58,31.29
22.78331,89.53331,2018,181,2.85,88.53,11.57,25.69,31.23
22.78331,89.53331,2018,182,2.68,90.14,15.4,26.46,30.52
22.78331,89.53331,2018,183,3.03,90.13,15.33,26.35,31.3
22.78331,89.53331,2018,184,3.4,92.43,3.6,26.58,29.87
22.78331,89.53331,2018,185,2.94,93.16,5.08,26.37,29.72
22.78331,89.53331,2018,186,1.95,86.87,10.4,26.11,32.13
22.78331,89.53331,2018,187,1.77,86.96,20.09,26.43,32.53
22.78331,89.53331,2018,188,2.24,88.36,20.31,26.36,32.04
22.78331,89.53331,2018,189,3.22,89.12,16.26,26.86,31.58
22.78331,89.53331,2018,190,2.8,88.13,16.35,26.52,31.9
22.78331,89.53331,2018,191,2.61,89.87,14.54,26.8,31.73
22.78331,89.53331,2018,192,2.22,89.1,17.35,26.48,31.65
22.78331,89.53331,2018,193,2.05,89.36,15.79,26.67,31.5
22.78331,89.53331,2018,194,2,90.7,17.53,26.83,31.14
22.78331,89.53331,2018,195,2.42,90.39,18.11,26.65,31.55
22.78331,89.53331,2018,196,3.09,89.81,16.81,26.71,32.02
22.78331,89.53331,2018,197,3.36,88.63,17.37,26.77,32.09
22.78331,89.53331,2018,198,3.02,88.25,3.28,26.59,32.2
22.78331,89.53331,2018,199,2.03,86.84,18.6,26.75,32.92
22.78331,89.53331,2018,200,1.24,84.07,24.59,26.93,33.95
22.78331,89.53331,2018,201,1.95,87.23,18.09,27.24,33.25
22.78331,89.53331,2018,202,4.47,91.08,10.85,27.12,31.19
22.78331,89.53331,2018,203,4.87,90.94,14.19,26.83,30.49
22.78331,89.53331,2018,204,2.74,90.22,6.9,26.38,31.46
22.78331,89.53331,2018,205,1.82,91.24,4.95,26.48,31.04
22.78331,89.53331,2018,206,1.98,94.47,3.88,26.41,29.24
22.78331,89.53331,2018,207,2.43,95.33,2.53,25.91,28.49
22.78331,89.53331,2018,208,2.6,93.1,10.61,26.18,29.66
22.78331,89.53331,2018,209,2.3,91.87,9.21,25.74,30.36
22.78331,89.53331,2018,210,2.41,91.99,10.66,26.05,30.45
22.78331,89.53331,2018,211,2.25,90.71,12.93,25.88,31.09
22.78331,89.53331,2018,212,1.77,90.21,14.91,25.42,29.92
22.78331,89.53331,2018,213,3.18,92.42,5.46,25.71,29.15
22.78331,89.53331,2018,214,3.17,90.12,9.53,25.69,29.74
22.78331,89.53331,2018,215,2.48,90.64,9.58,25.91,30.97
22.78331,89.53331,2018,216,1.63,87.46,18.36,26.11,31.8
22.78331,89.53331,2018,217,1.65,89.56,14.18,26.49,31.85
22.78331,89.53331,2018,218,2.42,92.91,11.92,26.41,29.28
22.78331,89.53331,2018,219,2.91,90.47,17.51,26.25,30.84
22.78331,89.53331,2018,220,2.54,89.05,19.21,25.85,31.15
22.78331,89.53331,2018,221,2.01,87.77,17.48,25.84,31.56
22.78331,89.53331,2018,222,1.43,85.73,21.2,25.79,32.6
22.78331,89.53331,2018,223,1.97,89.3,21.43,26.21,31.42
22.78331,89.53331,2018,224,1.88,86.83,20.53,26.38,32.58
22.78331,89.53331,2018,225,1.99,89.45,16.11,26.45,31.13
22.78331,89.53331,2018,226,2.24,90.76,18.14,26.49,30.78
22.78331,89.53331,2018,227,3.5,89.26,13.78,26.76,31.38
22.78331,89.53331,2018,228,2.79,88.23,17.1,26.54,32.07
22.78331,89.53331,2018,229,1.34,88.02,17.92,25.9,31.03
22.78331,89.53331,2018,230,1.08,87.73,19.76,26.45,31.47
22.78331,89.53331,2018,231,1.7,92.76,4.25,26.49,29.37
22.78331,89.53331,2018,232,3.14,90.81,11.26,26.55,31.82
22.78331,89.53331,2018,233,2.21,90.02,8.15,26.21,31.63
22.78331,89.53331,2018,234,1.49,87.67,17.8,26.46,32.27
22.78331,89.53331,2018,235,1.4,91.91,16.71,26.61,30.39
22.78331,89.53331,2018,236,1.87,92.8,11.89,26.46,29.96
22.78331,89.53331,2018,237,1.99,90.59,18.37,26.09,31.84
22.78331,89.53331,2018,238,2.14,88.45,18.36,25.81,31.88
22.78331,89.53331,2018,239,2.77,90.5,16.45,26.52,31.16
22.78331,89.53331,2018,240,2.37,91.23,16.55,26.4,30.97
22.78331,89.53331,2018,241,2.32,88.39,17.46,26.05,32.1
22.78331,89.53331,2018,242,1.79,90.29,12.8,26.06,30.66
22.78331,89.53331,2018,243,1.62,89,18.7,26.27,32.14
22.78331,89.53331,2018,244,2.19,91.52,13.88,26.18,30.77
22.78331,89.53331,2018,245,2.49,93.3,9.05,26.03,29.8
22.78331,89.53331,2018,246,1.79,90.47,12.71,25.87,30.54
22.78331,89.53331,2018,247,0.87,85.63,13.26,25.66,32.01
22.78331,89.53331,2018,248,2.25,89.12,19.04,25.89,31.08
22.78331,89.53331,2018,249,4.53,90.99,8,25.72,30.26
22.78331,89.53331,2018,250,3.02,89.58,17.37,25.61,30.67
22.78331,89.53331,2018,251,2.02,87.42,20.14,25.01,31.72
22.78331,89.53331,2018,252,1.56,89.15,19.36,25.1,30.2
22.78331,89.53331,2018,253,2.02,87.87,18.41,25.19,31.28
22.78331,89.53331,2018,254,1.93,88.62,11.33,25.37,31.54
22.78331,89.53331,2018,255,1.54,91.77,12.16,26.04,30.09
22.78331,89.53331,2018,256,1.4,89.57,12.98,25.69,31.4
22.78331,89.53331,2018,257,1.2,88.24,16.79,25.92,30.5
22.78331,89.53331,2018,258,0.66,83.38,19.12,26.22,31.23
22.78331,89.53331,2018,259,1.02,86.04,20.53,25.49,30.69
22.78331,89.53331,2018,260,1.13,83.59,20.97,25.26,32.22
22.78331,89.53331,2018,261,1.32,85.19,21.84,25.85,31.49
22.78331,89.53331,2018,262,1.1,87.34,20.57,26.1,31.17
22.78331,89.53331,2018,263,2.59,92.87,12.98,26.46,29.38
22.78331,89.53331,2018,264,2.45,94.2,9.95,25.61,29.34
22.78331,89.53331,2018,265,0.82,84.91,15.75,25.17,31.31
22.78331,89.53331,2018,266,1.22,85.6,21.13,24.67,31
22.78331,89.53331,2018,267,1.51,86.81,17.06,24.67,30.97
22.78331,89.53331,2018,268,1.42,89.41,17.48,25.51,30.79
22.78331,89.53331,2018,269,1.03,85.75,14.52,25.86,31.11
22.78331,89.53331,2018,270,1.03,90.39,11.76,25.72,30.28
22.78331,89.53331,2018,271,0.64,84.78,18.81,25.25,31.25
22.78331,89.53331,2018,272,0.88,82.33,19.48,25.11,32.45
22.78331,89.53331,2018,273,1.1,81.89,19.99,24.91,32.52
22.78331,89.53331,2018,274,1.06,77.6,21.4,24.52,32.7
22.78331,89.53331,2018,275,1.2,79.15,20.88,23.59,32.24
22.78331,89.53331,2018,276,1.24,79.82,19.05,23.72,32.12
22.78331,89.53331,2018,277,1.13,75.81,20.41,23.49,32.54
22.78331,89.53331,2018,278,0.82,75.85,19.35,24.45,32.11
22.78331,89.53331,2018,279,0.97,75.09,20.48,24.38,31.87
22.78331,89.53331,2018,280,0.89,70.26,19.83,23.99,31.77
22.78331,89.53331,2018,281,0.64,71.28,20.64,24.4,31.86
22.78331,89.53331,2018,282,1.15,79.57,11.91,23.87,30.92
22.78331,89.53331,2018,283,1.97,92.34,4.98,23.68,27.42
22.78331,89.53331,2018,284,2.25,94.04,10.87,24.25,27.6
22.78331,89.53331,2018,285,1.72,87.8,6.09,24.08,29.79
22.78331,89.53331,2018,286,2.26,92.56,12.24,24.48,27.59
22.78331,89.53331,2018,287,1.72,85.25,17.96,23.64,29.27
22.78331,89.53331,2018,288,0.97,75.05,18.97,21.77,30.61
22.78331,89.53331,2018,289,0.97,74.34,19.46,21.22,30.01
22.78331,89.53331,2018,290,0.92,71.34,19.91,20.48,29.68
22.78331,89.53331,2018,291,0.99,74.91,19.36,21.06,30.48
22.78331,89.53331,2018,292,0.72,74.22,17.24,22.08,31.03
22.78331,89.53331,2018,293,0.49,69.12,18.45,23.33,31.22
22.78331,89.53331,2018,294,0.86,70.48,17.48,23.13,31.01
22.78331,89.53331,2018,295,1.09,74.28,19.08,21.9,30.78
22.78331,89.53331,2018,296,1.27,76.12,18.11,20.68,30.4
22.78331,89.53331,2018,297,1.15,75.53,18.14,20.88,30.06
22.78331,89.53331,2018,298,1.37,70.93,19.12,19.98,29.8
22.78331,89.53331,2018,299,1.26,66.69,19.07,17.66,29.43
22.78331,89.53331,2018,300,0.92,66.54,18.53,18.54,29.37
22.78331,89.53331,2018,301,1.3,78.89,8.1,20.49,28.42
22.78331,89.53331,2018,302,1.47,88.03,6.64,21.38,26.7
22.78331,89.53331,2018,303,2.24,92.59,7.53,21.32,25.31
22.78331,89.53331,2018,304,1.14,85.29,15.22,21.39,27.62
22.78331,89.53331,2018,305,1.02,79.51,15.02,21.29,30.05
22.78331,89.53331,2018,306,0.71,79.63,13.59,21.69,29.87
22.78331,89.53331,2018,307,0.86,79.25,16.11,21.08,29.73
22.78331,89.53331,2018,308,1.05,79.15,16.29,20.84,30.22
22.78331,89.53331,2018,309,1.51,83.24,16.61,20.97,30.36
22.78331,89.53331,2018,310,1.25,80.4,14.5,21.76,30.17
22.78331,89.53331,2018,311,0.98,79.8,7.36,22.5,29.53
22.78331,89.53331,2018,312,1.25,75.73,16.13,19.54,29.09
22.78331,89.53331,2018,313,0.92,67.07,17.37,18.44,28.24
22.78331,89.53331,2018,314,0.81,63.98,17.11,17.97,28.22
22.78331,89.53331,2018,315,1.14,68.96,16.89,18.42,28.47
22.78331,89.53331,2018,316,1.14,69.31,16.59,17.19,28.26
22.78331,89.53331,2018,317,1,66.81,16.62,17.83,28.76
22.78331,89.53331,2018,318,0.78,64.05,15.96,17.78,28.9
22.78331,89.53331,2018,319,0.93,68.25,-99,18.92,29.65
22.78331,89.53331,2018,320,1.31,68.23,16.28,18.22,30.49
22.78331,89.53331,2018,321,1.46,70.17,16.18,17.89,29.48
22.78331,89.53331,2018,322,1.38,71.65,16.14,16.99,28.22
22.78331,89.53331,2018,323,1.24,67.87,16.35,15.77,28
22.78331,89.53331,2018,324,0.79,62.84,14.72,17.34,28.16
22.78331,89.53331,2018,325,1.08,66.78,15.28,16.98,28.27
22.78331,89.53331,2018,326,1.27,68.32,15.93,16.2,27.97
22.78331,89.53331,2018,327,1.16,70.86,15.74,17.05,27.47
22.78331,89.53331,2018,328,1.16,69.3,15.12,15.79,27.86
22.78331,89.53331,2018,329,1.04,69.65,15.77,16.88,27.95
22.78331,89.53331,2018,330,0.75,68.76,15.34,17.52,27.78
22.78331,89.53331,2018,331,1.08,73.62,15.24,16.81,27.83
22.78331,89.53331,2018,332,0.81,71.86,15.58,17.16,28.46
22.78331,89.53331,2018,333,0.65,65.36,15.36,17.79,28.6
22.78331,89.53331,2018,334,0.66,64.5,14.26,17.6,27.68
22.78331,89.53331,2018,335,0.85,61.8,14.24,16.89,27.68
22.78331,89.53331,2018,336,1.04,61.29,14.68,16.48,28.02
22.78331,89.53331,2018,337,1.32,64.76,14.08,15.44,27.37
22.78331,89.53331,2018,338,1.37,64.84,14.81,14.9,27.6
22.78331,89.53331,2018,339,1.52,66.05,14.66,13.77,27.17
22.78331,89.53331,2018,340,1.29,65.58,12.32,15.71,25.63
22.78331,89.53331,2018,341,1.46,63.12,14.83,13.05,27.05
22.78331,89.53331,2018,342,1.69,61.43,14.1,12.15,26.16
22.78331,89.53331,2018,343,1.43,62.98,14.85,11.28,26.45
22.78331,89.53331,2018,344,1.29,59.25,14.68,12.62,27.52
22.78331,89.53331,2018,345,1.17,62.01,14.5,13.72,28.11
22.78331,89.53331,2018,346,1.1,63.12,14.33,14.54,28.07
22.78331,89.53331,2018,347,1.24,61.19,14.37,14.4,28.17
22.78331,89.53331,2018,348,1.6,62.5,14,14.54,27.91
22.78331,89.53331,2018,349,1.77,56.94,9.21,14.4,26.79
22.78331,89.53331,2018,350,1.31,69.44,4.09,15.49,24.2
22.78331,89.53331,2018,351,2.15,82.85,5.3,17.32,23.16
22.78331,89.53331,2018,352,2.43,86.53,3.69,17.04,25.7
22.78331,89.53331,2018,353,2.35,73.85,12.18,14.36,24.99
22.78331,89.53331,2018,354,1.64,70,14.32,11.08,23.66
22.78331,89.53331,2018,355,1.43,66.68,14.61,10.12,23.99
22.78331,89.53331,2018,356,1.52,68.05,13.95,10.38,24.09
22.78331,89.53331,2018,357,1.59,68.41,14.79,10.48,24.72
22.78331,89.53331,2018,358,1.45,67.16,14.53,10.77,25.25
22.78331,89.53331,2018,359,1.39,55.51,14.74,10.17,24.8
22.78331,89.53331,2018,360,1.5,55.88,13.97,9.1,23.79
22.78331,89.53331,2018,361,1.61,53.09,14.72,8.44,23.51
22.78331,89.53331,2018,362,1.8,52.32,14.98,8.64,23.93
22.78331,89.53331,2018,363,1.57,53.88,15.13,6.9,23.01
22.78331,89.53331,2018,364,1.98,60.69,14.95,7.87,24.96
22.78331,89.53331,2018,365,1.41,63.71,14.88,8.96,26.29
22.78331,89.53331,2019,366,1.31,61.82,14.44,10.31,26.48
22.78331,89.53331,2019,367,1.39,60.06,14.51,11.05,26.14
22.78331,89.53331,2019,368,1.38,55.69,14.65,11.9,26.41
22.78331,89.53331,2019,369,1.61,55.89,14.36,8.9,24.66
22.78331,89.53331,2019,370,1.55,57.18,14.69,9.02,25.92
22.78331,89.53331,2019,371,0.99,53.01,14.67,11.54,27.29
22.78331,89.53331,2019,372,0.91,48.35,14.76,12.66,28.29
22.78331,89.53331,2019,373,1.61,54.96,14.7,11.68,27.58
22.78331,89.53331,2019,374,1.18,56.23,13.88,13.06,26.9
22.78331,89.53331,2019,375,1.49,55.99,14.65,11.68,25.73
22.78331,89.53331,2019,376,1.41,47.79,14.69,10.34,25.26
22.78331,89.53331,2019,377,1.35,52.31,14.99,9.98,25.91
22.78331,89.53331,2019,378,1.45,55.95,15.01,11.27,27.39
22.78331,89.53331,2019,379,1.49,53.86,13.76,10.87,26.8
22.78331,89.53331,2019,380,1.89,50.63,14.95,11.98,26.01
22.78331,89.53331,2019,381,1.55,45.23,15.62,9.51,25.99
22.78331,89.53331,2019,382,1.07,43.81,15.53,9.54,26.85
22.78331,89.53331,2019,383,1.03,44.17,14.99,10.01,26.67
22.78331,89.53331,2019,384,1.57,43.16,15.71,9.69,26.55
22.78331,89.53331,2019,385,1.35,46.62,15.31,11.06,26.29
22.78331,89.53331,2019,386,1.19,47.04,15.6,11.76,27.43
22.78331,89.53331,2019,387,0.92,46.11,16.02,13.74,28.99
22.78331,89.53331,2019,388,0.94,46.45,15.88,15.39,29.6
22.78331,89.53331,2019,389,1.17,48.18,15.89,14.29,30.4
22.78331,89.53331,2019,390,1.14,49.38,15.87,14.08,29.71
22.78331,89.53331,2019,391,1.21,47.78,15.95,14.15,30.77
22.78331,89.53331,2019,392,1.67,56.05,15.13,14.68,29.06
22.78331,89.53331,2019,393,1.96,53.19,8.84,15.94,28.86
22.78331,89.53331,2019,394,2.64,47.66,15.49,14.95,27.39
22.78331,89.53331,2019,395,1.74,35.62,17.46,9.08,26.11
22.78331,89.53331,2019,396,1.24,39.35,16.99,10.28,27.89
22.78331,89.53331,2019,397,0.92,38.14,16.99,12.11,29.81
22.78331,89.53331,2019,398,1.16,41.13,16.98,12.81,29.6
22.78331,89.53331,2019,399,1.45,37.47,17.13,13.67,29.85
22.78331,89.53331,2019,400,1.52,36.94,17.46,13.98,29.72
22.78331,89.53331,2019,401,1.44,33.9,17.55,13.28,30.01
22.78331,89.53331,2019,402,1.11,33.49,17.26,14.91,29.54
22.78331,89.53331,2019,403,1.17,41.98,17.21,15.55,31.45
22.78331,89.53331,2019,404,1.09,50.21,15.74,16.16,31.97
22.78331,89.53331,2019,405,2.02,53.44,16.78,17.17,31.29
22.78331,89.53331,2019,406,2.61,42.16,17.87,14.41,28.63
22.78331,89.53331,2019,407,2,34.08,18.3,11.02,28.44
22.78331,89.53331,2019,408,1.73,36.34,18.25,12.38,29.79
22.78331,89.53331,2019,409,1.68,36.73,18.15,13.22,30.73
22.78331,89.53331,2019,410,1.42,32.13,18.19,14.41,32.73
22.78331,89.53331,2019,411,1.5,34.51,18.16,15.48,33.58
22.78331,89.53331,2019,412,1.68,43.24,8.95,17.4,30.46
22.78331,89.53331,2019,413,1.81,54.27,16.89,17.82,29.46
22.78331,89.53331,2019,414,0.81,42.38,18.07,16.34,30.12
22.78331,89.53331,2019,415,1.31,52.67,18.49,17.51,32.66
22.78331,89.53331,2019,416,1.39,53.98,17.29,17.39,33.82
22.78331,89.53331,2019,417,1.3,45.7,18.26,19.03,34.51
22.78331,89.53331,2019,418,1.41,46.57,18.35,18.03,34.82
22.78331,89.53331,2019,419,1.52,55.43,18.4,20.58,35.31
22.78331,89.53331,2019,420,1.37,49.16,18.65,20.81,34.46
22.78331,89.53331,2019,421,1.22,71.14,3.85,21.43,29.62
22.78331,89.53331,2019,422,1.48,75.39,9.28,20.18,29.32
22.78331,89.53331,2019,423,2.03,77.42,12.24,20.58,29.05
22.78331,89.53331,2019,424,1.61,78.68,15.72,18.28,27.68
22.78331,89.53331,2019,425,1.68,63.36,19.52,15.77,26.46
22.78331,89.53331,2019,426,1.65,46.92,20.3,12.81,27.24
22.78331,89.53331,2019,427,1.62,48.92,19.59,13.56,28.13
22.78331,89.53331,2019,428,1.48,71.39,13.44,16.56,28.21
22.78331,89.53331,2019,429,2.46,83.64,11.4,20.97,29.08
22.78331,89.53331,2019,430,0.98,69.52,18.29,20.31,29.56
22.78331,89.53331,2019,431,0.83,65.03,18.61,19.71,29.54
22.78331,89.53331,2019,432,1.56,54.5,20.52,16.93,29.3
22.78331,89.53331,2019,433,1.66,59.47,20.5,15.42,30.03
22.78331,89.53331,2019,434,2.01,74,17.43,17.48,30.79
22.78331,89.53331,2019,435,1.34,74.37,17.42,19.83,31.53
22.78331,89.53331,2019,436,1.79,68.23,20.14,20.46,33.85
22.78331,89.53331,2019,437,1.46,63.53,19.46,20.51,34.75
22.78331,89.53331,2019,438,1.07,64.02,20,20.88,34.2
22.78331,89.53331,2019,439,1.56,65.56,17.83,21.32,34.52
22.78331,89.53331,2019,440,1.89,60.96,19.87,21.65,34.7
22.78331,89.53331,2019,441,1.24,59.89,20.77,21.33,34.8
22.78331,89.53331,2019,442,1.94,63.65,14.72,20.96,30.23
22.78331,89.53331,2019,443,2.17,64.3,20.31,20.53,32.48
22.78331,89.53331,2019,444,1.84,70.27,19.75,20.15,32.2
22.78331,89.53331,2019,445,2.34,68.21,21.32,20.57,34.42
22.78331,89.53331,2019,446,2.67,68.96,21.08,21.96,34.99
22.78331,89.53331,2019,447,1.69,63.54,21.52,22.46,34.99
22.78331,89.53331,2019,448,1.4,52.37,22.15,19.56,35.06
22.78331,89.53331,2019,449,1.24,51.28,22.56,19.01,35.62
22.78331,89.53331,2019,450,1.35,52.78,21.7,20.02,35.95
22.78331,89.53331,2019,451,1.85,52.35,21.04,19.92,33.76
22.78331,89.53331,2019,452,1.43,58.11,21.54,21.09,34.63
22.78331,89.53331,2019,453,2.02,62.09,21.76,20.88,35.25
22.78331,89.53331,2019,454,2.32,67.46,15.8,22.08,35.18
22.78331,89.53331,2019,455,2.99,68.37,21.31,22.93,36.22
22.78331,89.53331,2019,456,2.84,74.45,21.02,24.34,33.51
22.78331,89.53331,2019,457,2.51,66.45,18.78,23.4,36.12
22.78331,89.53331,2019,458,2.58,66.2,20.93,22.64,35.95
22.78331,89.53331,2019,459,2.64,69.08,20.57,22.67,35.75
22.78331,89.53331,2019,460,2.41,66.84,14.71,23.58,36.14
22.78331,89.53331,2019,461,1.86,68.81,22.41,24.11,34.67
22.78331,89.53331,2019,462,1.82,67.97,22.56,23.33,33.39
22.78331,89.53331,2019,463,2.5,67.52,13.89,23.01,34.43
22.78331,89.53331,2019,464,2.7,69.58,21.55,23.61,35.44
22.78331,89.53331,2019,465,2.23,75.78,20.96,23.23,33.05
22.78331,89.53331,2019,466,1.67,71.27,18.07,23.25,34.61
22.78331,89.53331,2019,467,1.44,67.84,21.78,23.86,34.96
22.78331,89.53331,2019,468,1.38,62.23,22.34,24,37.12
22.78331,89.53331,2019,469,2.22,61.21,23.25,24.01,38.15
22.78331,89.53331,2019,470,2.51,64.14,22.77,24.67,38.4
22.78331,89.53331,2019,471,2.08,64.52,21.82,24.84,38.49
22.78331,89.53331,2019,472,1.07,61.75,22.63,25.12,37.75
22.78331,89.53331,2019,473,1.53,47.76,23.58,24.58,37.34
22.78331,89.53331,2019,474,1.66,53.96,18.84,23.79,37.91
22.78331,89.53331,2019,475,1.77,48.22,22.2,24.63,37.71
22.78331,89.53331,2019,476,1.7,52.29,23.61,24.25,38.52
22.78331,89.53331,2019,477,0.9,55.72,23.37,23.76,36.12
22.78331,89.53331,2019,478,0.92,54.63,23.79,23.28,37.21
22.78331,89.53331,2019,479,1.16,52.37,23.12,24.16,38.25
22.78331,89.53331,2019,480,1.81,50.9,23.85,24.38,39.3
22.78331,89.53331,2019,481,2.34,53.94,23.7,24.45,39.48
22.78331,89.53331,2019,482,3.09,59,23.1,26.44,40.06
22.78331,89.53331,2019,483,3.81,58.62,22.62,26.79,40.59
22.78331,89.53331,2019,484,4.23,58.59,23.4,26.51,40.66
22.78331,89.53331,2019,485,4.08,60.04,23.8,26.67,39.57
22.78331,89.53331,2019,486,4.15,62.73,21.66,27.11,37.94
22.78331,89.53331,2019,487,3.09,62.2,14.9,27.42,37.65
22.78331,89.53331,2019,488,4.6,74.9,4.88,27.37,33.44
22.78331,89.53331,2019,489,5.83,80.8,8.58,24.95,31.9
22.78331,89.53331,2019,490,2.1,71.44,22.88,23.77,35.78
22.78331,89.53331,2019,491,2.39,66.71,23.18,24.95,37.86
22.78331,89.53331,2019,492,3.07,65.44,24.12,24.76,38.28
22.78331,89.53331,2019,493,2.76,67.09,23.7,25.24,38.91
22.78331,89.53331,2019,494,3.31,68.6,23.44,26.18,38.63
22.78331,89.53331,2019,495,3.34,68.4,23.17,27.11,38.85
22.78331,89.53331,2019,496,3.13,72.09,23.08,26.62,37.09
22.78331,89.53331,2019,497,2.67,71.84,22.44,26.75,35.84
22.78331,89.53331,2019,498,2.75,69.34,19.75,26.71,37.23
22.78331,89.53331,2019,499,1.93,72.65,22.02,26.12,35.68
22.78331,89.53331,2019,500,2,66.02,20.24,25.79,36.91
22.78331,89.53331,2019,501,2.39,64.98,21.79,26.01,37.57
22.78331,89.53331,2019,502,3.11,66.35,22.86,26.39,37.57
22.78331,89.53331,2019,503,2.93,72.89,21.36,27.05,36.79
22.78331,89.53331,2019,504,1.99,72.85,19.65,27.08,36.11
22.78331,89.53331,2019,505,1.83,69.73,21.43,26.73,36.37
22.78331,89.53331,2019,506,2.08,70.71,21.97,26.45,36.38
22.78331,89.53331,2019,507,2.83,70.27,22.74,26.72,36.37
22.78331,89.53331,2019,508,2.27,81.52,21.3,26.43,33.17
22.78331,89.53331,2019,509,2.73,86.11,17.99,27.04,32.39
22.78331,89.53331,2019,510,2.9,85.5,9.68,26.29,32.38
22.78331,89.53331,2019,511,2.15,84.52,19.35,26.4,33.49
22.78331,89.53331,2019,512,2.14,82.23,23.14,26.41,34.49
22.78331,89.53331,2019,513,2.08,78.88,23.5,26.4,35.24
22.78331,89.53331,2019,514,1.86,76.83,23.27,26.39,35.41
22.78331,89.53331,2019,515,2.65,78.66,22.56,25.82,35.07
22.78331,89.53331,2019,516,2.53,78.15,20.48,26.68,35
22.78331,89.53331,2019,517,2.22,82.55,20.1,26.86,33.33
22.78331,89.53331,2019,518,2.04,81.46,7,26.25,33.74
22.78331,89.53331,2019,519,1.61,82.59,22.22,25.52,32.5
22.78331,89.53331,2019,520,2.49,83.57,6.92,26.41,32.84
22.78331,89.53331,2019,521,2.69,91.77,8.64,26.75,30.33
22.78331,89.53331,2019,522,2.14,92.44,8.56,26.54,29.97
22.78331,89.53331,2019,523,2.33,89.37,4.2,26.1,30.22
22.78331,89.53331,2019,524,1.67,87.89,16.35,25.63,30.72
22.78331,89.53331,2019,525,1.17,86.35,12.38,26.31,31.87
22.78331,89.53331,2019,526,1.94,84.99,22.18,26.35,33.18
22.78331,89.53331,2019,527,2.22,85.68,22.34,25.93,32.91
22.78331,89.53331,2019,528,1.48,83.62,21.72,26.48,34.45
22.78331,89.53331,2019,529,1.09,82.49,21.42,27.85,34.1
22.78331,89.53331,2019,530,2.02,88.22,17.84,27.36,32.6
22.78331,89.53331,2019,531,2.61,91.07,12.56,27.62,31.79
22.78331,89.53331,2019,532,2.98,88.33,22.9,27.21,32.49
22.78331,89.53331,2019,533,2.67,90.29,19.21,27.88,31.9
22.78331,89.53331,2019,534,1.57,85.81,6.49,27.25,31.98
22.78331,89.53331,2019,535,1.4,87.25,21.66,26.81,32.35
22.78331,89.53331,2019,536,2.1,86.67,16.46,26.8,31.58
22.78331,89.53331,2019,537,2.72,86.31,11.97,26.58,32.51
22.78331,89.53331,2019,538,2.94,87.06,21.93,26.58,32.57
22.78331,89.53331,2019,539,1.96,82.42,19.59,25.97,33.6
22.78331,89.53331,2019,540,1.77,82.94,19.26,26.78,33.74
22.78331,89.53331,2019,541,2.32,84.3,20.83,27.21,33.24
22.78331,89.53331,2019,542,3.24,85.86,21.87,27.37,32.38
22.78331,89.53331,2019,543,3.36,84.01,15.75,27.04,33.51
22.78331,89.53331,2019,544,2.33,89.58,7.34,27.37,32.13
22.78331,89.53331,2019,545,2.22,90.74,13.73,27.18,31.13
22.78331,89.53331,2019,546,2.17,88,18.16,26.71,32.26
22.78331,89.53331,2019,547,3.34,87.23,14.78,26.77,31.98
22.78331,89.53331,2019,548,3.69,88.09,12.83,27.3,32.34
22.78331,89.53331,2019,549,2.38,83.94,16.37,26.5,33.23
22.78331,89.53331,2019,550,2.08,85.8,15.45,26.81,33.01
22.78331,89.53331,2019,551,2.28,90.19,13.43,26.79,31.62
22.78331,89.53331,2019,552,3.56,89.94,6.61,26.76,31.86
22.78331,89.53331,2019,553,3.86,87.82,4.07,26.42,32.21
22.78331,89.53331,2019,554,3.72,90.11,9.28,27.09,31.39
22.78331,89.53331,2019,555,3.64,92.47,4.03,27.09,29.8
22.78331,89.53331,2019,556,3.47,92.99,7.82,26.9,30.09
22.78331,89.53331,2019,557,3.3,94.67,-99,26.68,28.94
22.78331,89.53331,2019,558,3.3,93.88,4.04,26.55,29.58
22.78331,89.53331,2019,559,3.35,93.89,15.34,26.5,29.79
22.78331,89.53331,2019,560,3.14,92.88,18.58,26.38,30.94
22.78331,89.53331,2019,561,2.65,92.1,16.98,26.92,31.38
22.78331,89.53331,2019,562,1.95,91.83,20,26.89,30.77
22.78331,89.53331,2019,563,1.3,86.36,23.52,26.39,32.27
22.78331,89.53331,2019,564,1.47,88.21,12.61,26.37,30.92
22.78331,89.53331,2019,565,2,90.12,21.84,26.13,31.03
22.78331,89.53331,2019,566,1.9,86.51,20.24,25.9,32.43
22.78331,89.53331,2019,567,1.92,87.27,20.31,26.36,31.79
22.78331,89.53331,2019,568,2.23,88.82,-99,26.66,31.21
22.78331,89.53331,2019,569,1.98,89.04,20.08,26.2,29.84
22.78331,89.53331,2019,570,2.27,90.25,17.83,26.21,31.11
22.78331,89.53331,2019,571,1.43,90,10.35,25.98,31.34
22.78331,89.53331,2019,572,2.09,90.17,10.13,26.47,30.56
22.78331,89.53331,2019,573,2.54,89.91,16.84,26.47,31.42
22.78331,89.53331,2019,574,4.01,89.8,18.09,26.38,31.25
22.78331,89.53331,2019,575,4.18,91.58,17.73,26.26,29.91
22.78331,89.53331,2019,576,2.59,91.82,7.61,25.65,29.5
22.78331,89.53331,2019,577,2.41,90.04,11.59,25.7,31.29
22.78331,89.53331,2019,578,1.98,89.05,16.66,25.54,31.75
22.78331,89.53331,2019,579,2.1,91.14,17.56,25.76,30.02
22.78331,89.53331,2019,580,1.94,88.58,17.27,25.96,31.85
22.78331,89.53331,2019,581,1.3,87,12.41,26.14,33.2
22.78331,89.53331,2019,582,1.56,87.98,21.92,27.51,33.46
22.78331,89.53331,2019,583,2.37,92.31,17.71,27.44,31.27
22.78331,89.53331,2019,584,4.62,91.97,12.71,26.4,30.37
22.78331,89.53331,2019,585,4.01,91.51,7.97,26.18,30.45
22.78331,89.53331,2019,586,2.01,89.23,11.14,26.16,31.8
22.78331,89.53331,2019,587,1.05,84.85,20.51,26.21,33.28
22.78331,89.53331,2019,588,0.85,85.06,19.62,27.22,31.65
22.78331,89.53331,2019,589,1.93,92.52,8.97,26.92,30.22
22.78331,89.53331,2019,590,4.2,92.38,5.27,26.7,29.84
22.78331,89.53331,2019,591,2.9,94.79,5.77,26.44,29.28
22.78331,89.53331,2019,592,2.41,92.91,2.44,26.4,30.29
22.78331,89.53331,2019,593,2.08,93.25,12.01,26.27,30.19
22.78331,89.53331,2019,594,1.82,92.76,7.16,26.39,29.31
22.78331,89.53331,2019,595,3.12,92.7,17.23,25.74,29.17
22.78331,89.53331,2019,596,2.13,88.18,21.29,25.38,31.73
22.78331,89.53331,2019,597,1.6,87.13,17.8,25.33,32.11
22.78331,89.53331,2019,598,1.43,86.17,21.31,26.25,31.9
22.78331,89.53331,2019,599,1.11,83.13,18.21,26.32,32.18
22.78331,89.53331,2019,600,2.19,89.32,15.47,26.02,31.14
22.78331,89.53331,2019,601,1.68,94.52,11.26,25.91,28.8
22.78331,89.53331,2019,602,2.74,91.37,12.54,25.44,30.32
22.78331,89.53331,2019,603,1.91,93.76,18.44,25.78,29.24
22.78331,89.53331,2019,604,2,88.5,17.63,25.37,31.91
22.78331,89.53331,2019,605,1.81,90.78,19.75,25.71,30.81
22.78331,89.53331,2019,606,2.03,88.51,17.79,25.94,32.02
22.78331,89.53331,2019,607,1.01,83.63,21.04,26.05,32.01
22.78331,89.53331,2019,608,0.86,84.93,16.08,26.42,31.64
22.78331,89.53331,2019,609,0.89,87.12,12.05,26.51,32.14
22.78331,89.53331,2019,610,1.96,88.21,17.85,26.32,31.76
22.78331,89.53331,2019,611,2.47,91.78,13.96,26.48,30.77
22.78331,89.53331,2019,612,2.35,92.92,13.96,26.48,30.86
22.78331,89.53331,2019,613,2.52,92.56,16.77,26.39,29.93
22.78331,89.53331,2019,614,2.89,89.66,17.57,26.39,31.42
22.78331,89.53331,2019,615,2.99,91.48,9.8,26.59,31
22.78331,89.53331,2019,616,2.77,90.61,4.97,26.23,31.51
22.78331,89.53331,2019,617,2.24,90.42,16.17,26.25,32.23
22.78331,89.53331,2019,618,1.82,92.76,9.62,26.99,30.86
22.78331,89.53331,2019,619,1.9,92.96,11.66,26.74,30.44
22.78331,89.53331,2019,620,2.77,92.78,10.99,26.45,29.67
22.78331,89.53331,2019,621,2.54,93.45,16.82,25.89,29.43
22.78331,89.53331,2019,622,1.81,91.69,17.07,25.34,29.98
22.78331,89.53331,2019,623,1.79,89.3,19.76,25.67,31.77
22.78331,89.53331,2019,624,1.49,90.98,19.8,25.8,30.08
22.78331,89.53331,2019,625,1.15,86.3,21.47,25.44,32.04
22.78331,89.53331,2019,626,1.21,84.34,15.46,25.55,32.51
22.78331,89.53331,2019,627,0.83,80.47,21.53,25.47,33.49
22.78331,89.53331,2019,628,0.91,84.92,19.43,25.62,31.68
22.78331,89.53331,2019,629,0.9,85.31,4.78,25.61,31.52
22.78331,89.53331,2019,630,0.98,83.93,19.48,26.34,31.83
22.78331,89.53331,2019,631,1.54,92.37,11.73,25.4,29.41
22.78331,89.53331,2019,632,1.78,94.76,10.59,25.72,28.92
22.78331,89.53331,2019,633,1.77,92.94,5.37,24.87,28.22
22.78331,89.53331,2019,634,0.7,85.51,12.65,24.19,30.06
22.78331,89.53331,2019,635,0.94,87.42,10.19,24.03,30
22.78331,89.53331,2019,636,0.64,87.92,9.77,24.47,28.63
22.78331,89.53331,2019,637,0.62,89.45,8.15,24.05,28.01
22.78331,89.53331,2019,638,1.37,90.59,11.4,23.44,29.27
22.78331,89.53331,2019,639,1.65,91.44,15.16,24.48,29.4
22.78331,89.53331,2019,640,0.9,85.41,20.19,24.48,31
22.78331,89.53331,2019,641,1.25,88.65,14.01,25.14,30.8
22.78331,89.53331,2019,642,1.06,87.15,18.96,24.52,30.67
22.78331,89.53331,2019,643,0.92,87.71,18.85,24.55,30.08
22.78331,89.53331,2019,644,0.93,87.51,8.23,24.85,30.63
22.78331,89.53331,2019,645,1.01,88.58,8.25,24.69,29.6
22.78331,89.53331,2019,646,1.03,87.61,15.49,24.72,29.37
22.78331,89.53331,2019,647,1.26,92.53,9.24,23.65,27.61
22.78331,89.53331,2019,648,1.17,89.1,11.69,23.33,29.18
22.78331,89.53331,2019,649,0.6,85.27,18.03,23.72,30.27
22.78331,89.53331,2019,650,0.82,80.96,19.41,24.06,30.37
22.78331,89.53331,2019,651,1.24,82.8,18.28,22.56,30.31
22.78331,89.53331,2019,652,1.38,82.69,19.84,22.38,29.93
22.78331,89.53331,2019,653,0.68,78.67,18.74,22.24,31.19
22.78331,89.53331,2019,654,0.67,80.24,15.78,24.49,31.39
22.78331,89.53331,2019,655,0.79,81.95,18.29,23.49,32.06
22.78331,89.53331,2019,656,0.97,82.66,18.3,24.13,31.54
22.78331,89.53331,2019,657,1.27,83.82,18.22,23.99,30.09
22.78331,89.53331,2019,658,1.41,85.35,18.44,23.3,30.97
22.78331,89.53331,2019,659,1.21,83.65,17.9,22.55,30.54
22.78331,89.53331,2019,660,1.08,85.3,15.84,23.38,30.02
22.78331,89.53331,2019,661,1.18,87.57,13.14,23.71,29.51
22.78331,89.53331,2019,662,2.27,91.02,5.88,21.55,24.08
22.78331,89.53331,2019,663,1.88,92.47,2.03,21.3,28.27
22.78331,89.53331,2019,664,1.56,94.27,11.49,24.34,28.16
22.78331,89.53331,2019,665,1.28,90.12,17.03,22.99,28.85
22.78331,89.53331,2019,666,1.66,88.46,17.89,21.13,27.6
22.78331,89.53331,2019,667,1.3,86.56,17.72,19.4,27.86
22.78331,89.53331,2019,668,1.29,85.38,17.44,19.65,28.54
22.78331,89.53331,2019,669,1.28,81.94,16.42,19.43,28.86
22.78331,89.53331,2019,670,1.23,83.51,17.32,21.41,28.73
22.78331,89.53331,2019,671,1.54,85.58,17.39,20.28,29.54
22.78331,89.53331,2019,672,1.28,86.03,17.14,20.99,29.56
22.78331,89.53331,2019,673,1.28,84.66,16.55,21.5,29.31
22.78331,89.53331,2019,674,1.1,80.79,17.03,21.2,29.42
22.78331,89.53331,2019,675,1.42,83.68,14.77,20.41,28.75
22.78331,89.53331,2019,676,1.34,74.12,11.76,18.56,29.82
22.78331,89.53331,2019,677,1.65,91.85,2.47,20.58,26.19
22.78331,89.53331,2019,678,4.76,95.42,1.65,22.97,25.06
22.78331,89.53331,2019,679,2.75,94.58,4.29,23.15,27.75
22.78331,89.53331,2019,680,2.21,89.92,15.09,21.23,27.25
22.78331,89.53331,2019,681,1.18,84.43,16.59,19.86,28.16
22.78331,89.53331,2019,682,1.26,84.66,16.4,18.75,27.6
22.78331,89.53331,2019,683,1.2,83.31,16.67,18.2,28.33
22.78331,89.53331,2019,684,1.39,86.03,16.65,18.21,28.22
22.78331,89.53331,2019,685,1.23,83.65,16.42,17.94,27.89
22.78331,89.53331,2019,686,1.13,81.69,16.28,17.82,27.38
22.78331,89.53331,2019,687,1.03,80.53,15.68,17.96,27.3
22.78331,89.53331,2019,688,1.15,79.96,15.87,17.3,27.23
22.78331,89.53331,2019,689,1.27,81.35,16.11,16.45,25.85
22.78331,89.53331,2019,690,1.26,77.12,15.8,15.26,26.29
22.78331,89.53331,2019,691,1.25,83.39,15.53,16.38,26.26
22.78331,89.53331,2019,692,1.19,83.5,15.31,17.21,26.44
22.78331,89.53331,2019,693,1.02,79.39,15.7,16.72,26.18
22.78331,89.53331,2019,694,0.96,81.49,14.53,17.2,26.67
22.78331,89.53331,2019,695,0.83,80.71,15.45,18.76,27.92
22.78331,89.53331,2019,696,0.94,81.82,15.31,18.21,27.51
22.78331,89.53331,2019,697,0.89,79.9,15.48,18.03,28.38
22.78331,89.53331,2019,698,1.03,85.2,15.32,17.98,28.06
22.78331,89.53331,2019,699,1.23,84.12,15.24,17.78,27.22
22.78331,89.53331,2019,700,1.51,84.24,12.2,16.59,25.73
22.78331,89.53331,2019,701,1.36,82.67,14.13,15.87,25.47
22.78331,89.53331,2019,702,1.38,80.04,14.94,13.66,24.42
22.78331,89.53331,2019,703,1.62,83.65,14.61,13.22,24.62
22.78331,89.53331,2019,704,0.8,72.06,14.84,13.16,26.83
22.78331,89.53331,2019,705,0.64,69.98,13.81,17.14,27.8
22.78331,89.53331,2019,706,0.98,75.19,14.13,16.23,26.53
22.78331,89.53331,2019,707,0.63,72.52,13.14,18.51,26.44
22.78331,89.53331,2019,708,0.91,80.25,13.43,18.13,25.61
22.78331,89.53331,2019,709,1.23,78.89,14.38,15.03,24.83
22.78331,89.53331,2019,710,0.83,73.99,13.1,15.12,25.01
22.78331,89.53331,2019,711,1.14,77.69,14.02,15.6,25.06
22.78331,89.53331,2019,712,1.03,78.3,13.03,14.94,25.08
22.78331,89.53331,2019,713,0.93,77.41,13.79,15.34,25.97
22.78331,89.53331,2019,714,1.36,84.18,13.95,15.51,25.38
22.78331,89.53331,2019,715,1.43,85.37,13.62,15.21,24.96
22.78331,89.53331,2019,716,1.51,85.57,12.69,14.01,24.55
22.78331,89.53331,2019,717,2.07,83.77,14.31,12.58,21.97
22.78331,89.53331,2019,718,1.75,85.2,14.06,8.93,19.75
22.78331,89.53331,2019,719,1.37,81,12.3,8.15,20.06
22.78331,89.53331,2019,720,1.3,82.14,11.53,9.06,20.55
22.78331,89.53331,2019,721,1.55,84.28,14.02,9.31,20.77
22.78331,89.53331,2019,722,1.6,84.73,10.86,10.72,22.02
22.78331,89.53331,2019,723,1.73,80.05,12.08,10.65,22.41
22.78331,89.53331,2019,724,1.38,81.68,12.41,9.68,21.94
22.78331,89.53331,2019,725,1.68,84.65,5.12,12.01,22.42
22.78331,89.53331,2019,726,1.7,90.39,7.39,10.65,15.68
22.78331,89.53331,2019,727,2,83.09,12.63,7.23,19.89
22.78331,89.53331,2019,728,2.01,82.19,14.48,7.56,21.44
22.78331,89.53331,2019,729,1.5,84.45,12.32,8.76,22.15
22.78331,89.53331,2019,730,1.26,79.12,14.52,8.88,23.59